{"cameraMode":{"drawMode":0,"name":"Shaded","section":"Shading Mode"},"sceneLighting":false,"audioPlay":false,"sceneViewState":{"showFog":true,"showMaterialUpdate":false,"showSkybox":false,"showFlares":true,"showImageEffects":true,"showParticleSystems":true},"in2DMode":false,"pivot":{"x":-0.4001227617263794,"y":-0.0883030891418457,"z":2.2105841636657717},"rotation":{"x":-0.04678246006369591,"y":0.021575186401605607,"z":-0.000996295944787562,"w":-0.9986818432807922},"size":22.0,"orthographic":false}