{"cameraMode":{"drawMode":0,"name":"Shaded","section":"Shading Mode"},"sceneLighting":false,"audioPlay":false,"sceneViewState":{"showFog":true,"showMaterialUpdate":false,"showSkybox":false,"showFlares":true,"showImageEffects":true,"showParticleSystems":true},"in2DMode":false,"pivot":{"x":0.13036566972732545,"y":15.077436447143555,"z":-0.6842955350875855},"rotation":{"x":-0.15127766132354737,"y":0.13506710529327393,"z":-0.02087087742984295,"w":-0.9790022373199463},"size":3.48945951461792,"orthographic":false}