{"cameraMode":{"drawMode":0,"name":"Shaded","section":"Shading Mode"},"sceneLighting":true,"audioPlay":false,"sceneViewState":{"m_AlwaysRefresh":false,"showFog":true,"showSkybox":true,"showFlares":true,"showImageEffects":true,"showParticleSystems":true,"showVisualEffectGraphs":true,"m_FxEnabled":true},"in2DMode":false,"pivot":{"x":0.48029959201812746,"y":2.404129981994629,"z":-0.024824142456054689},"rotation":{"x":-0.0074998075142502789,"y":-0.0059997946955263618,"z":-0.00004499920760281384,"w":0.9999537467956543},"size":4.466025352478027,"orthographic":false}