{"cameraMode":{"drawMode":0,"name":"Shaded","section":"Shading Mode"},"sceneLighting":true,"audioPlay":false,"sceneViewState":{"m_AlwaysRefresh":false,"showFog":true,"showSkybox":true,"showFlares":true,"showImageEffects":true,"showParticleSystems":true,"showVisualEffectGraphs":true,"m_FxEnabled":true},"in2DMode":false,"pivot":{"x":-0.5573430061340332,"y":2.343599319458008,"z":-0.13560807704925538},"rotation":{"x":-0.06939052790403366,"y":0.8782955408096314,"z":-0.1343676596879959,"w":-0.4535716772079468},"size":1.5073950290679932,"orthographic":false}